source_id,target_id,distance_km,weight,edge_type
1,2,11.7,0.085541,PROXIMATE_TO
1,3,9.7,0.102938,PROXIMATE_TO
1,4,16.3,0.061394,PROXIMATE_TO
1,5,24.0,0.041626,PROXIMATE_TO
1,6,15.5,0.064584,PROXIMATE_TO
1,7,4.4,0.228134,PROXIMATE_TO
1,8,22.0,0.045414,PROXIMATE_TO
1,9,27.6,0.036204,PROXIMATE_TO
1,10,7.0,0.142288,PROXIMATE_TO
1,23,185.9,0.00538,PROXIMATE_TO
1,26,23.7,0.042173,PROXIMATE_TO
1,27,17.1,0.058611,PROXIMATE_TO
1,28,62.2,0.016087,PROXIMATE_TO
1,29,213.9,0.004675,PROXIMATE_TO
1,61,242.1,0.00413,PROXIMATE_TO
1,68,155.1,0.006448,PROXIMATE_TO
1,69,244.8,0.004085,PROXIMATE_TO
1,94,292.1,0.003423,PROXIMATE_TO
1,131,279.5,0.003578,PROXIMATE_TO
1,134,188.8,0.005296,PROXIMATE_TO
1,135,268.0,0.003731,PROXIMATE_TO
1,136,228.4,0.004378,PROXIMATE_TO
1,141,32.7,0.03062,PROXIMATE_TO
1,142,33.8,0.029592,PROXIMATE_TO
1,143,80.8,0.012369,PROXIMATE_TO
1,144,192.6,0.005191,PROXIMATE_TO
1,145,118.3,0.008452,PROXIMATE_TO
1,146,150.1,0.006661,PROXIMATE_TO
1,147,67.3,0.014854,PROXIMATE_TO
1,148,38.7,0.025847,PROXIMATE_TO
1,149,158.4,0.006311,PROXIMATE_TO
1,150,107.0,0.009345,PROXIMATE_TO
2,3,8.7,0.114708,PROXIMATE_TO
2,4,27.6,0.036226,PROXIMATE_TO
2,5,17.2,0.058008,PROXIMATE_TO
2,6,21.7,0.046024,PROXIMATE_TO
2,7,12.8,0.078256,PROXIMATE_TO
2,8,31.4,0.031823,PROXIMATE_TO
2,9,31.3,0.031967,PROXIMATE_TO
2,10,7.1,0.140249,PROXIMATE_TO
2,23,174.4,0.005735,PROXIMATE_TO
2,26,24.0,0.041726,PROXIMATE_TO
2,27,5.4,0.18609,PROXIMATE_TO
2,28,63.1,0.015859,PROXIMATE_TO
2,29,206.5,0.004843,PROXIMATE_TO
2,61,238.2,0.004197,PROXIMATE_TO
2,68,149.0,0.00671,PROXIMATE_TO
2,69,246.4,0.004059,PROXIMATE_TO
2,94,280.9,0.00356,PROXIMATE_TO
2,131,291.1,0.003435,PROXIMATE_TO
2,134,200.4,0.004989,PROXIMATE_TO
2,135,279.2,0.003582,PROXIMATE_TO
2,136,239.3,0.004178,PROXIMATE_TO
2,141,30.9,0.032362,PROXIMATE_TO
2,142,23.2,0.043056,PROXIMATE_TO
2,143,92.1,0.010854,PROXIMATE_TO
2,144,203.6,0.004911,PROXIMATE_TO
2,145,129.4,0.007725,PROXIMATE_TO
2,146,160.1,0.006245,PROXIMATE_TO
2,147,77.0,0.01298,PROXIMATE_TO
2,148,50.4,0.019853,PROXIMATE_TO
2,149,168.1,0.00595,PROXIMATE_TO
2,150,114.8,0.008708,PROXIMATE_TO
3,4,22.1,0.045245,PROXIMATE_TO
3,5,14.4,0.069605,PROXIMATE_TO
3,6,13.3,0.0753,PROXIMATE_TO
3,7,13.4,0.074562,PROXIMATE_TO
3,8,23.8,0.042002,PROXIMATE_TO
3,9,22.6,0.044157,PROXIMATE_TO
3,10,11.1,0.089887,PROXIMATE_TO
3,23,178.3,0.005609,PROXIMATE_TO
3,26,30.2,0.033076,PROXIMATE_TO
3,27,12.5,0.079976,PROXIMATE_TO
3,28,69.5,0.014393,PROXIMATE_TO
3,29,215.2,0.004647,PROXIMATE_TO
3,61,233.2,0.004289,PROXIMATE_TO
3,68,145.5,0.006872,PROXIMATE_TO
3,69,238.6,0.004191,PROXIMATE_TO
3,94,283.9,0.003523,PROXIMATE_TO
3,131,286.9,0.003486,PROXIMATE_TO
3,134,196.4,0.005093,PROXIMATE_TO
3,135,272.3,0.003672,PROXIMATE_TO
3,136,237.2,0.004215,PROXIMATE_TO
3,141,24.1,0.041467,PROXIMATE_TO
3,142,25.4,0.039295,PROXIMATE_TO
3,143,89.3,0.011194,PROXIMATE_TO
3,144,201.4,0.004965,PROXIMATE_TO
3,145,127.0,0.007876,PROXIMATE_TO
3,146,152.3,0.006568,PROXIMATE_TO
3,147,69.1,0.014468,PROXIMATE_TO
3,148,46.1,0.021685,PROXIMATE_TO
3,149,168.0,0.005953,PROXIMATE_TO
3,150,106.2,0.009413,PROXIMATE_TO
4,5,34.9,0.028629,PROXIMATE_TO
4,6,14.8,0.067354,PROXIMATE_TO
4,7,17.9,0.055799,PROXIMATE_TO
4,8,10.2,0.098203,PROXIMATE_TO
4,9,25.2,0.039745,PROXIMATE_TO
4,10,23.1,0.043225,PROXIMATE_TO
4,23,200.4,0.004991,PROXIMATE_TO
4,26,35.2,0.028433,PROXIMATE_TO
4,27,32.9,0.030434,PROXIMATE_TO
4,28,69.4,0.0144,PROXIMATE_TO
4,29,228.1,0.004384,PROXIMATE_TO
4,61,243.2,0.004112,PROXIMATE_TO
4,68,159.8,0.006257,PROXIMATE_TO
4,69,238.3,0.004197,PROXIMATE_TO
4,131,264.8,0.003777,PROXIMATE_TO
4,134,174.3,0.005736,PROXIMATE_TO
4,135,251.7,0.003972,PROXIMATE_TO
4,136,216.3,0.004623,PROXIMATE_TO
4,139,290.7,0.003441,PROXIMATE_TO
4,141,36.5,0.027409,PROXIMATE_TO
4,142,47.5,0.021062,PROXIMATE_TO
4,143,68.2,0.014666,PROXIMATE_TO
4,144,180.4,0.005543,PROXIMATE_TO
4,145,105.9,0.009442,PROXIMATE_TO
4,146,134.3,0.007446,PROXIMATE_TO
4,147,52.0,0.019228,PROXIMATE_TO
4,148,24.3,0.041218,PROXIMATE_TO
4,149,149.7,0.006682,PROXIMATE_TO
4,150,93.5,0.010701,PROXIMATE_TO
5,6,21.9,0.045572,PROXIMATE_TO
5,7,27.4,0.036551,PROXIMATE_TO
5,8,33.5,0.029873,PROXIMATE_TO
5,9,24.0,0.041628,PROXIMATE_TO
5,10,23.4,0.042675,PROXIMATE_TO
5,23,166.2,0.006018,PROXIMATE_TO
5,26,41.2,0.024296,PROXIMATE_TO
5,27,15.9,0.06278,PROXIMATE_TO
5,28,80.0,0.012494,PROXIMATE_TO
5,29,215.9,0.004632,PROXIMATE_TO
5,61,221.0,0.004524,PROXIMATE_TO
5,68,132.0,0.007576,PROXIMATE_TO
5,69,231.6,0.004318,PROXIMATE_TO
5,94,270.9,0.003692,PROXIMATE_TO
5,131,299.2,0.003342,PROXIMATE_TO
5,134,208.9,0.004787,PROXIMATE_TO
5,135,280.9,0.00356,PROXIMATE_TO
5,136,251.0,0.003983,PROXIMATE_TO
5,141,16.4,0.060869,PROXIMATE_TO
5,142,14.4,0.069366,PROXIMATE_TO
5,143,103.0,0.00971,PROXIMATE_TO
5,144,215.2,0.004647,PROXIMATE_TO
5,145,140.7,0.007108,PROXIMATE_TO
5,146,158.3,0.006316,PROXIMATE_TO
5,147,75.8,0.013186,PROXIMATE_TO
5,148,59.2,0.016896,PROXIMATE_TO
5,149,182.3,0.005484,PROXIMATE_TO
5,150,108.7,0.009199,PROXIMATE_TO
6,7,19.7,0.050837,PROXIMATE_TO
6,8,11.6,0.086424,PROXIMATE_TO
6,9,12.5,0.079995,PROXIMATE_TO
6,10,21.3,0.046843,PROXIMATE_TO
6,23,188.1,0.005316,PROXIMATE_TO
6,26,39.2,0.025518,PROXIMATE_TO
6,27,25.8,0.038794,PROXIMATE_TO
6,28,77.3,0.012943,PROXIMATE_TO
6,29,228.0,0.004386,PROXIMATE_TO
6,61,229.8,0.004352,PROXIMATE_TO
6,68,145.3,0.006884,PROXIMATE_TO
6,69,229.5,0.004357,PROXIMATE_TO
6,94,292.5,0.003419,PROXIMATE_TO
6,131,277.3,0.003606,PROXIMATE_TO
6,134,187.2,0.005342,PROXIMATE_TO
6,135,259.9,0.003847,PROXIMATE_TO
6,136,230.6,0.004337,PROXIMATE_TO
6,141,21.7,0.046079,PROXIMATE_TO
6,142,35.8,0.027906,PROXIMATE_TO
6,143,82.5,0.012115,PROXIMATE_TO
6,144,194.7,0.005137,PROXIMATE_TO
6,145,120.2,0.008317,PROXIMATE_TO
6,146,139.1,0.007189,PROXIMATE_TO
6,147,56.0,0.017862,PROXIMATE_TO
6,148,38.3,0.026101,PROXIMATE_TO
6,149,164.5,0.006079,PROXIMATE_TO
6,150,93.1,0.010737,PROXIMATE_TO
7,8,25.1,0.039854,PROXIMATE_TO
7,9,31.9,0.031316,PROXIMATE_TO
7,10,6.1,0.163607,PROXIMATE_TO
7,23,187.0,0.005349,PROXIMATE_TO
7,26,19.6,0.051111,PROXIMATE_TO
7,27,18.0,0.05565,PROXIMATE_TO
7,28,57.8,0.017301,PROXIMATE_TO
7,29,210.8,0.004744,PROXIMATE_TO
7,61,246.3,0.004059,PROXIMATE_TO
7,68,158.9,0.006292,PROXIMATE_TO
7,69,249.1,0.004014,PROXIMATE_TO
7,94,293.6,0.003406,PROXIMATE_TO
7,131,278.8,0.003587,PROXIMATE_TO
7,134,188.0,0.005318,PROXIMATE_TO
7,135,269.1,0.003716,PROXIMATE_TO
7,136,226.5,0.004414,PROXIMATE_TO
7,141,36.9,0.027091,PROXIMATE_TO
7,142,35.9,0.02789,PROXIMATE_TO
7,143,79.4,0.012589,PROXIMATE_TO
7,144,190.8,0.00524,PROXIMATE_TO
7,145,116.7,0.00857,PROXIMATE_TO
7,146,152.2,0.006569,PROXIMATE_TO
7,147,69.8,0.014335,PROXIMATE_TO
7,148,38.4,0.026016,PROXIMATE_TO
7,149,155.7,0.006424,PROXIMATE_TO
7,150,110.2,0.009074,PROXIMATE_TO
8,9,17.1,0.058445,PROXIMATE_TO
8,10,29.0,0.034524,PROXIMATE_TO
8,23,199.6,0.00501,PROXIMATE_TO
8,26,43.9,0.022765,PROXIMATE_TO
8,27,36.1,0.027696,PROXIMATE_TO
8,28,79.4,0.012591,PROXIMATE_TO
8,29,235.8,0.00424,PROXIMATE_TO
8,61,234.1,0.004272,PROXIMATE_TO
8,68,152.2,0.006571,PROXIMATE_TO
8,69,228.1,0.004384,PROXIMATE_TO
8,131,266.0,0.003759,PROXIMATE_TO
8,134,176.0,0.005682,PROXIMATE_TO
8,135,248.6,0.004022,PROXIMATE_TO
8,136,220.4,0.004536,PROXIMATE_TO
8,139,289.6,0.003453,PROXIMATE_TO
8,141,30.5,0.032839,PROXIMATE_TO
8,142,47.4,0.021097,PROXIMATE_TO
8,143,72.7,0.013751,PROXIMATE_TO
8,144,184.5,0.005419,PROXIMATE_TO
8,145,110.2,0.009071,PROXIMATE_TO
8,146,128.7,0.007769,PROXIMATE_TO
8,147,45.6,0.02191,PROXIMATE_TO
8,148,28.7,0.034895,PROXIMATE_TO
8,149,156.3,0.006396,PROXIMATE_TO
8,150,85.1,0.011749,PROXIMATE_TO
9,10,32.7,0.030566,PROXIMATE_TO
9,23,186.8,0.005354,PROXIMATE_TO
9,26,51.3,0.019507,PROXIMATE_TO
9,27,34.0,0.029384,PROXIMATE_TO
9,28,89.7,0.011151,PROXIMATE_TO
9,29,237.4,0.004212,PROXIMATE_TO
9,61,218.1,0.004586,PROXIMATE_TO
9,68,135.1,0.0074,PROXIMATE_TO
9,69,217.2,0.004605,PROXIMATE_TO
9,94,289.3,0.003456,PROXIMATE_TO
9,131,280.3,0.003568,PROXIMATE_TO
9,134,190.8,0.005241,PROXIMATE_TO
9,135,257.7,0.00388,PROXIMATE_TO
9,136,236.8,0.004223,PROXIMATE_TO
9,141,14.4,0.069316,PROXIMATE_TO
9,142,38.3,0.026133,PROXIMATE_TO
9,143,89.5,0.011174,PROXIMATE_TO
9,144,200.9,0.004977,PROXIMATE_TO
9,145,126.8,0.007884,PROXIMATE_TO
9,146,134.4,0.007441,PROXIMATE_TO
9,147,52.3,0.019115,PROXIMATE_TO
9,148,45.7,0.021894,PROXIMATE_TO
9,149,173.4,0.005765,PROXIMATE_TO
9,150,85.1,0.011751,PROXIMATE_TO
10,23,180.9,0.005528,PROXIMATE_TO
10,26,19.1,0.052307,PROXIMATE_TO
10,27,12.0,0.083111,PROXIMATE_TO
10,28,58.4,0.017137,PROXIMATE_TO
10,29,207.1,0.004828,PROXIMATE_TO
10,61,243.9,0.0041,PROXIMATE_TO
10,68,155.4,0.006434,PROXIMATE_TO
10,69,249.5,0.004009,PROXIMATE_TO
10,94,287.7,0.003476,PROXIMATE_TO
10,131,284.9,0.00351,PROXIMATE_TO
10,134,194.1,0.005151,PROXIMATE_TO
10,135,274.8,0.00364,PROXIMATE_TO
10,136,232.4,0.004303,PROXIMATE_TO
10,141,35.2,0.028401,PROXIMATE_TO
10,142,30.3,0.032951,PROXIMATE_TO
10,143,85.5,0.011701,PROXIMATE_TO
10,144,196.7,0.005083,PROXIMATE_TO
10,145,122.6,0.008154,PROXIMATE_TO
10,146,157.1,0.006364,PROXIMATE_TO
10,147,74.3,0.013451,PROXIMATE_TO
10,148,44.5,0.02247,PROXIMATE_TO
10,149,160.9,0.006214,PROXIMATE_TO
10,150,113.8,0.008788,PROXIMATE_TO
11,12,119.5,0.008369,PROXIMATE_TO
11,14,62.8,0.015931,PROXIMATE_TO
11,15,143.6,0.006964,PROXIMATE_TO
11,16,274.6,0.003642,PROXIMATE_TO
11,17,287.1,0.003483,PROXIMATE_TO
11,18,299.1,0.003343,PROXIMATE_TO
11,82,239.6,0.004174,PROXIMATE_TO
12,14,106.9,0.009358,PROXIMATE_TO
12,15,165.8,0.006031,PROXIMATE_TO
12,16,216.9,0.004611,PROXIMATE_TO
12,17,167.7,0.005962,PROXIMATE_TO
12,18,206.3,0.004847,PROXIMATE_TO
12,75,284.7,0.003512,PROXIMATE_TO
13,19,149.1,0.006707,PROXIMATE_TO
13,20,283.0,0.003533,PROXIMATE_TO
13,91,291.4,0.003432,PROXIMATE_TO
13,93,241.1,0.004147,PROXIMATE_TO
13,96,297.5,0.003362,PROXIMATE_TO
13,113,294.0,0.003402,PROXIMATE_TO
13,118,173.6,0.005762,PROXIMATE_TO
14,15,84.3,0.011862,PROXIMATE_TO
14,16,214.1,0.004671,PROXIMATE_TO
14,17,262.3,0.003812,PROXIMATE_TO
14,82,212.6,0.004704,PROXIMATE_TO
14,85,296.5,0.003373,PROXIMATE_TO
15,16,162.6,0.006151,PROXIMATE_TO
15,17,286.7,0.003488,PROXIMATE_TO
15,82,166.4,0.006008,PROXIMATE_TO
15,83,261.6,0.003823,PROXIMATE_TO
15,85,260.1,0.003845,PROXIMATE_TO
15,89,295.9,0.003379,PROXIMATE_TO
16,17,225.5,0.004434,PROXIMATE_TO
16,19,278.9,0.003585,PROXIMATE_TO
16,20,241.0,0.004149,PROXIMATE_TO
17,18,168.4,0.005938,PROXIMATE_TO
17,20,270.8,0.003693,PROXIMATE_TO
17,74,279.0,0.003584,PROXIMATE_TO
17,75,192.5,0.005195,PROXIMATE_TO
17,76,172.2,0.005807,PROXIMATE_TO
17,120,284.4,0.003516,PROXIMATE_TO
18,74,180.9,0.005528,PROXIMATE_TO
18,75,91.9,0.010884,PROXIMATE_TO
18,76,275.6,0.003629,PROXIMATE_TO
19,20,229.7,0.004353,PROXIMATE_TO
19,91,235.3,0.00425,PROXIMATE_TO
19,92,252.7,0.003957,PROXIMATE_TO
19,95,297.2,0.003365,PROXIMATE_TO
19,97,230.4,0.00434,PROXIMATE_TO
19,113,279.9,0.003572,PROXIMATE_TO
19,118,188.8,0.005298,PROXIMATE_TO
20,76,219.4,0.004557,PROXIMATE_TO
20,111,219.3,0.004559,PROXIMATE_TO
20,112,254.9,0.003924,PROXIMATE_TO
20,113,79.8,0.012527,PROXIMATE_TO
20,114,188.5,0.005305,PROXIMATE_TO
20,116,266.9,0.003747,PROXIMATE_TO
20,117,295.3,0.003387,PROXIMATE_TO
20,118,127.8,0.007825,PROXIMATE_TO
20,119,149.8,0.006675,PROXIMATE_TO
20,120,242.2,0.004129,PROXIMATE_TO
21,22,79.8,0.012524,PROXIMATE_TO
21,23,292.2,0.003423,PROXIMATE_TO
21,24,266.0,0.003759,PROXIMATE_TO
21,25,179.7,0.005565,PROXIMATE_TO
21,29,234.9,0.004258,PROXIMATE_TO
21,30,242.0,0.004133,PROXIMATE_TO
21,94,285.2,0.003507,PROXIMATE_TO
21,98,238.8,0.004188,PROXIMATE_TO
21,99,235.8,0.004241,PROXIMATE_TO
22,23,238.3,0.004197,PROXIMATE_TO
22,25,192.4,0.005196,PROXIMATE_TO
22,29,239.8,0.004169,PROXIMATE_TO
22,94,211.7,0.004723,PROXIMATE_TO
22,98,200.8,0.004981,PROXIMATE_TO
22,99,218.2,0.004583,PROXIMATE_TO
23,26,185.9,0.005378,PROXIMATE_TO
23,27,169.0,0.005916,PROXIMATE_TO
23,28,204.5,0.00489,PROXIMATE_TO
23,29,197.9,0.005053,PROXIMATE_TO
23,61,218.9,0.004569,PROXIMATE_TO
23,68,140.2,0.007135,PROXIMATE_TO
23,69,299.3,0.003342,PROXIMATE_TO
23,94,109.0,0.009173,PROXIMATE_TO
23,141,172.7,0.005789,PROXIMATE_TO
23,142,152.9,0.006541,PROXIMATE_TO
23,143,266.3,0.003755,PROXIMATE_TO
23,147,237.7,0.004207,PROXIMATE_TO
23,148,224.3,0.004458,PROXIMATE_TO
23,150,257.1,0.003889,PROXIMATE_TO
24,25,118.5,0.008441,PROXIMATE_TO
24,30,152.4,0.006564,PROXIMATE_TO
24,31,214.6,0.00466,PROXIMATE_TO
24,32,210.2,0.004757,PROXIMATE_TO
24,33,249.7,0.004005,PROXIMATE_TO
24,39,188.9,0.005295,PROXIMATE_TO
24,40,244.1,0.004097,PROXIMATE_TO
24,98,235.8,0.004242,PROXIMATE_TO
24,99,176.1,0.005679,PROXIMATE_TO
25,30,205.1,0.004876,PROXIMATE_TO
25,39,299.7,0.003337,PROXIMATE_TO
25,98,134.7,0.007423,PROXIMATE_TO
25,99,88.5,0.011301,PROXIMATE_TO
26,27,26.1,0.038322,PROXIMATE_TO
26,28,39.3,0.025458,PROXIMATE_TO
26,29,193.2,0.005176,PROXIMATE_TO
26,61,262.2,0.003814,PROXIMATE_TO
26,68,172.4,0.005801,PROXIMATE_TO
26,69,268.4,0.003726,PROXIMATE_TO
26,94,294.1,0.0034,PROXIMATE_TO
26,131,283.4,0.003528,PROXIMATE_TO
26,134,192.8,0.005187,PROXIMATE_TO
26,135,280.9,0.003561,PROXIMATE_TO
26,136,226.1,0.004422,PROXIMATE_TO
26,141,54.2,0.018434,PROXIMATE_TO
26,142,43.8,0.022829,PROXIMATE_TO
26,143,83.0,0.012051,PROXIMATE_TO
26,144,190.9,0.005238,PROXIMATE_TO
26,145,118.3,0.008452,PROXIMATE_TO
26,146,167.8,0.005961,PROXIMATE_TO
26,147,86.7,0.011532,PROXIMATE_TO
26,148,49.0,0.020425,PROXIMATE_TO
26,149,150.8,0.00663,PROXIMATE_TO
26,150,128.6,0.007775,PROXIMATE_TO
27,28,64.4,0.015534,PROXIMATE_TO
27,29,203.4,0.004917,PROXIMATE_TO
27,61,236.4,0.004229,PROXIMATE_TO
27,68,146.3,0.006835,PROXIMATE_TO
27,69,247.1,0.004048,PROXIMATE_TO
27,94,275.7,0.003628,PROXIMATE_TO
27,131,296.5,0.003373,PROXIMATE_TO
27,134,205.8,0.004859,PROXIMATE_TO
27,135,284.3,0.003518,PROXIMATE_TO
27,136,244.4,0.004091,PROXIMATE_TO
27,141,31.3,0.0319,PROXIMATE_TO
27,142,18.7,0.053491,PROXIMATE_TO
27,143,97.4,0.010267,PROXIMATE_TO
27,144,208.8,0.00479,PROXIMATE_TO
27,145,134.6,0.007427,PROXIMATE_TO
27,146,164.7,0.006071,PROXIMATE_TO
27,147,81.6,0.012258,PROXIMATE_TO
27,148,55.7,0.017939,PROXIMATE_TO
27,149,172.7,0.005791,PROXIMATE_TO
27,150,118.5,0.008438,PROXIMATE_TO
28,29,170.7,0.00586,PROXIMATE_TO
28,68,209.5,0.004773,PROXIMATE_TO
28,131,281.2,0.003557,PROXIMATE_TO
28,134,192.6,0.005192,PROXIMATE_TO
28,135,293.9,0.003403,PROXIMATE_TO
28,136,214.7,0.004658,PROXIMATE_TO
28,141,93.5,0.010692,PROXIMATE_TO
28,142,80.1,0.012478,PROXIMATE_TO
28,143,88.1,0.011347,PROXIMATE_TO
28,144,181.4,0.005512,PROXIMATE_TO
28,145,115.7,0.008646,PROXIMATE_TO
28,146,191.3,0.005227,PROXIMATE_TO
28,147,116.1,0.008612,PROXIMATE_TO
28,148,72.4,0.013808,PROXIMATE_TO
28,149,133.1,0.007513,PROXIMATE_TO
28,150,160.3,0.00624,PROXIMATE_TO
29,68,297.4,0.003362,PROXIMATE_TO
29,94,279.3,0.00358,PROXIMATE_TO
29,141,232.2,0.004308,PROXIMATE_TO
29,142,204.9,0.004881,PROXIMATE_TO
29,143,258.0,0.003876,PROXIMATE_TO
29,145,280.3,0.003567,PROXIMATE_TO
29,147,279.9,0.003573,PROXIMATE_TO
29,148,239.8,0.004171,PROXIMATE_TO
29,149,276.5,0.003616,PROXIMATE_TO
30,31,211.4,0.00473,PROXIMATE_TO
30,32,265.3,0.003769,PROXIMATE_TO
30,33,204.3,0.004895,PROXIMATE_TO
30,35,273.6,0.003654,PROXIMATE_TO
30,39,163.4,0.006121,PROXIMATE_TO
30,40,227.1,0.004404,PROXIMATE_TO
30,99,291.0,0.003437,PROXIMATE_TO
31,32,91.1,0.010973,PROXIMATE_TO
31,33,63.4,0.015763,PROXIMATE_TO
31,34,204.7,0.004886,PROXIMATE_TO
31,35,105.1,0.009514,PROXIMATE_TO
31,36,229.7,0.004353,PROXIMATE_TO
31,37,97.4,0.010269,PROXIMATE_TO
31,38,146.4,0.00683,PROXIMATE_TO
31,39,49.2,0.020345,PROXIMATE_TO
31,40,31.5,0.031717,PROXIMATE_TO
32,33,153.8,0.006503,PROXIMATE_TO
32,34,220.6,0.004532,PROXIMATE_TO
32,35,176.2,0.005675,PROXIMATE_TO
32,36,264.8,0.003776,PROXIMATE_TO
32,37,134.8,0.00742,PROXIMATE_TO
32,38,159.1,0.006285,PROXIMATE_TO
32,39,127.2,0.007859,PROXIMATE_TO
32,40,112.9,0.008854,PROXIMATE_TO
33,34,204.1,0.004899,PROXIMATE_TO
33,35,70.4,0.014214,PROXIMATE_TO
33,36,211.7,0.004723,PROXIMATE_TO
33,37,103.6,0.009653,PROXIMATE_TO
33,38,157.3,0.006358,PROXIMATE_TO
33,39,61.0,0.0164,PROXIMATE_TO
33,40,44.9,0.022292,PROXIMATE_TO
34,35,141.3,0.007079,PROXIMATE_TO
34,36,61.2,0.01634,PROXIMATE_TO
34,37,107.7,0.009289,PROXIMATE_TO
34,38,62.2,0.016075,PROXIMATE_TO
34,39,246.4,0.004058,PROXIMATE_TO
34,40,181.4,0.005513,PROXIMATE_TO
34,45,279.0,0.003585,PROXIMATE_TO
34,46,238.5,0.004193,PROXIMATE_TO
34,47,247.0,0.004049,PROXIMATE_TO
34,48,169.0,0.005916,PROXIMATE_TO
34,49,106.3,0.009409,PROXIMATE_TO
34,50,225.2,0.004441,PROXIMATE_TO
35,36,141.8,0.007052,PROXIMATE_TO
35,37,63.7,0.015704,PROXIMATE_TO
35,38,107.5,0.009304,PROXIMATE_TO
35,39,126.9,0.007883,PROXIMATE_TO
35,40,73.6,0.01359,PROXIMATE_TO
35,49,243.0,0.004115,PROXIMATE_TO
35,50,245.9,0.004066,PROXIMATE_TO
36,37,135.6,0.007377,PROXIMATE_TO
36,38,108.8,0.009189,PROXIMATE_TO
36,39,264.0,0.003789,PROXIMATE_TO
36,40,201.5,0.004964,PROXIMATE_TO
36,46,284.7,0.003512,PROXIMATE_TO
36,47,279.9,0.003572,PROXIMATE_TO
36,48,198.2,0.005046,PROXIMATE_TO
36,49,112.8,0.008864,PROXIMATE_TO
36,50,164.1,0.006094,PROXIMATE_TO
37,38,53.9,0.018558,PROXIMATE_TO
37,39,139.1,0.007188,PROXIMATE_TO
37,40,74.1,0.013493,PROXIMATE_TO
37,48,265.9,0.003761,PROXIMATE_TO
37,49,213.9,0.004676,PROXIMATE_TO
37,50,275.3,0.003633,PROXIMATE_TO
38,39,191.2,0.005231,PROXIMATE_TO
38,40,126.8,0.007888,PROXIMATE_TO
38,45,298.4,0.003351,PROXIMATE_TO
38,46,258.5,0.003869,PROXIMATE_TO
38,47,282.8,0.003536,PROXIMATE_TO
38,48,212.1,0.004715,PROXIMATE_TO
38,49,165.2,0.006053,PROXIMATE_TO
38,50,266.9,0.003746,PROXIMATE_TO
39,40,65.1,0.015371,PROXIMATE_TO
40,49,287.7,0.003476,PROXIMATE_TO
41,42,4.0,0.250979,PROXIMATE_TO
41,43,33.4,0.029909,PROXIMATE_TO
41,44,47.2,0.021208,PROXIMATE_TO
41,45,52.0,0.019215,PROXIMATE_TO
41,46,90.8,0.011014,PROXIMATE_TO
41,47,103.3,0.009679,PROXIMATE_TO
41,48,178.4,0.005606,PROXIMATE_TO
41,49,271.5,0.003683,PROXIMATE_TO
42,43,37.1,0.026969,PROXIMATE_TO
42,44,48.8,0.020473,PROXIMATE_TO
42,45,49.3,0.020291,PROXIMATE_TO
42,46,88.5,0.011294,PROXIMATE_TO
42,47,104.0,0.009611,PROXIMATE_TO
42,48,178.1,0.005615,PROXIMATE_TO
42,49,271.1,0.003689,PROXIMATE_TO
43,44,58.8,0.016993,PROXIMATE_TO
43,45,70.9,0.0141,PROXIMATE_TO
43,46,102.2,0.009783,PROXIMATE_TO
43,47,88.7,0.011269,PROXIMATE_TO
43,48,169.5,0.005899,PROXIMATE_TO
43,49,262.6,0.003808,PROXIMATE_TO
44,45,97.3,0.010277,PROXIMATE_TO
44,46,137.2,0.007288,PROXIMATE_TO
44,47,145.4,0.006879,PROXIMATE_TO
44,48,223.6,0.004472,PROXIMATE_TO
45,46,40.5,0.024671,PROXIMATE_TO
45,47,84.8,0.011799,PROXIMATE_TO
45,48,143.1,0.006988,PROXIMATE_TO
45,49,233.4,0.004284,PROXIMATE_TO
46,47,75.0,0.013335,PROXIMATE_TO
46,48,110.8,0.009027,PROXIMATE_TO
46,49,197.2,0.005071,PROXIMATE_TO
47,48,82.0,0.012197,PROXIMATE_TO
47,49,174.3,0.005736,PROXIMATE_TO
48,49,93.4,0.010709,PROXIMATE_TO
49,50,226.3,0.004419,PROXIMATE_TO
51,55,274.9,0.003638,PROXIMATE_TO
51,58,132.5,0.007544,PROXIMATE_TO
51,60,293.6,0.003406,PROXIMATE_TO
51,71,295.1,0.003389,PROXIMATE_TO
51,104,154.9,0.006456,PROXIMATE_TO
51,107,110.0,0.009087,PROXIMATE_TO
51,109,220.0,0.004545,PROXIMATE_TO
52,53,173.6,0.005759,PROXIMATE_TO
52,54,189.6,0.005274,PROXIMATE_TO
52,55,153.8,0.006502,PROXIMATE_TO
52,56,281.0,0.003559,PROXIMATE_TO
52,57,68.9,0.014524,PROXIMATE_TO
52,59,265.0,0.003773,PROXIMATE_TO
52,60,247.4,0.004041,PROXIMATE_TO
52,71,225.4,0.004436,PROXIMATE_TO
52,72,148.7,0.006723,PROXIMATE_TO
52,80,269.0,0.003718,PROXIMATE_TO
52,121,279.5,0.003578,PROXIMATE_TO
52,122,139.2,0.007182,PROXIMATE_TO
52,123,132.3,0.007556,PROXIMATE_TO
52,124,97.3,0.010277,PROXIMATE_TO
52,125,238.7,0.00419,PROXIMATE_TO
52,126,198.6,0.005035,PROXIMATE_TO
52,127,177.5,0.005634,PROXIMATE_TO
52,128,58.4,0.017112,PROXIMATE_TO
52,129,93.8,0.01066,PROXIMATE_TO
52,130,156.6,0.006387,PROXIMATE_TO
53,54,116.4,0.008594,PROXIMATE_TO
53,55,191.6,0.005218,PROXIMATE_TO
53,56,163.9,0.006102,PROXIMATE_TO
53,57,192.9,0.005183,PROXIMATE_TO
53,59,120.9,0.008274,PROXIMATE_TO
53,60,144.2,0.006935,PROXIMATE_TO
53,121,204.8,0.004882,PROXIMATE_TO
53,122,204.8,0.004882,PROXIMATE_TO
53,123,294.7,0.003393,PROXIMATE_TO
53,124,218.3,0.00458,PROXIMATE_TO
53,125,203.2,0.004922,PROXIMATE_TO
53,127,192.4,0.005197,PROXIMATE_TO
53,128,203.3,0.004918,PROXIMATE_TO
53,129,255.4,0.003915,PROXIMATE_TO
53,130,164.3,0.006087,PROXIMATE_TO
54,55,106.9,0.009353,PROXIMATE_TO
54,56,278.8,0.003586,PROXIMATE_TO
54,57,164.5,0.006078,PROXIMATE_TO
54,58,236.5,0.004229,PROXIMATE_TO
54,59,231.0,0.004329,PROXIMATE_TO
54,60,58.4,0.017109,PROXIMATE_TO
54,71,268.1,0.003729,PROXIMATE_TO
54,72,277.1,0.003609,PROXIMATE_TO
54,122,283.1,0.003532,PROXIMATE_TO
54,124,272.1,0.003675,PROXIMATE_TO
54,127,288.4,0.003468,PROXIMATE_TO
54,128,241.8,0.004135,PROXIMATE_TO
54,129,283.4,0.003528,PROXIMATE_TO
54,130,259.1,0.00386,PROXIMATE_TO
55,57,95.3,0.010493,PROXIMATE_TO
55,58,167.4,0.005974,PROXIMATE_TO
55,60,154.1,0.006489,PROXIMATE_TO
55,71,161.3,0.0062,PROXIMATE_TO
55,72,184.3,0.005425,PROXIMATE_TO
55,80,244.3,0.004094,PROXIMATE_TO
55,107,256.9,0.003892,PROXIMATE_TO
55,122,284.6,0.003514,PROXIMATE_TO
55,123,269.1,0.003716,PROXIMATE_TO
55,124,250.9,0.003986,PROXIMATE_TO
55,128,212.1,0.004714,PROXIMATE_TO
55,129,236.7,0.004224,PROXIMATE_TO
55,130,282.2,0.003544,PROXIMATE_TO
56,59,56.1,0.017822,PROXIMATE_TO
56,60,294.3,0.003398,PROXIMATE_TO
56,121,69.9,0.014298,PROXIMATE_TO
56,122,215.3,0.004644,PROXIMATE_TO
56,124,266.1,0.003759,PROXIMATE_TO
56,125,115.1,0.008689,PROXIMATE_TO
56,127,166.2,0.006015,PROXIMATE_TO
56,128,276.8,0.003613,PROXIMATE_TO
56,130,157.9,0.006332,PROXIMATE_TO
57,58,243.3,0.00411,PROXIMATE_TO
57,60,222.1,0.004502,PROXIMATE_TO
57,71,163.3,0.006123,PROXIMATE_TO
57,72,118.0,0.008474,PROXIMATE_TO
57,80,220.4,0.004536,PROXIMATE_TO
57,122,208.0,0.004808,PROXIMATE_TO
57,123,173.9,0.005752,PROXIMATE_TO
57,124,163.9,0.006103,PROXIMATE_TO
57,126,219.5,0.004556,PROXIMATE_TO
57,127,243.9,0.0041,PROXIMATE_TO
57,128,123.5,0.008097,PROXIMATE_TO
57,129,141.8,0.00705,PROXIMATE_TO
57,130,220.9,0.004527,PROXIMATE_TO
58,60,249.9,0.004002,PROXIMATE_TO
58,71,163.8,0.006105,PROXIMATE_TO
58,72,269.4,0.003712,PROXIMATE_TO
58,80,242.9,0.004116,PROXIMATE_TO
58,104,199.0,0.005024,PROXIMATE_TO
58,107,90.1,0.011101,PROXIMATE_TO
58,109,176.8,0.005655,PROXIMATE_TO
58,110,252.3,0.003963,PROXIMATE_TO
59,60,241.2,0.004146,PROXIMATE_TO
59,121,121.7,0.008218,PROXIMATE_TO
59,122,228.9,0.004369,PROXIMATE_TO
59,124,270.1,0.003702,PROXIMATE_TO
59,125,154.2,0.006484,PROXIMATE_TO
59,127,188.2,0.005312,PROXIMATE_TO
59,128,272.6,0.003668,PROXIMATE_TO
59,130,171.7,0.005824,PROXIMATE_TO
60,128,298.3,0.003352,PROXIMATE_TO
61,62,285.2,0.003507,PROXIMATE_TO
61,64,193.7,0.005162,PROXIMATE_TO
61,65,127.3,0.007856,PROXIMATE_TO
61,66,275.5,0.00363,PROXIMATE_TO
61,67,195.8,0.005107,PROXIMATE_TO
61,68,96.5,0.010366,PROXIMATE_TO
61,69,114.1,0.008768,PROXIMATE_TO
61,70,289.3,0.003457,PROXIMATE_TO
61,94,245.7,0.004071,PROXIMATE_TO
61,141,209.5,0.004773,PROXIMATE_TO
61,142,221.2,0.00452,PROXIMATE_TO
61,143,297.8,0.003358,PROXIMATE_TO
61,146,258.4,0.003869,PROXIMATE_TO
61,147,233.1,0.00429,PROXIMATE_TO
61,148,259.8,0.00385,PROXIMATE_TO
61,150,211.2,0.004736,PROXIMATE_TO
62,63,201.9,0.004953,PROXIMATE_TO
62,65,160.9,0.006215,PROXIMATE_TO
62,66,193.2,0.005176,PROXIMATE_TO
62,67,189.8,0.005267,PROXIMATE_TO
62,69,249.1,0.004014,PROXIMATE_TO
62,70,101.2,0.009885,PROXIMATE_TO
63,64,228.8,0.004371,PROXIMATE_TO
63,65,230.9,0.004331,PROXIMATE_TO
63,67,142.1,0.007037,PROXIMATE_TO
63,70,101.1,0.009891,PROXIMATE_TO
63,81,206.5,0.004842,PROXIMATE_TO
63,83,258.6,0.003867,PROXIMATE_TO
63,88,183.9,0.005437,PROXIMATE_TO
63,89,236.4,0.00423,PROXIMATE_TO
63,95,262.4,0.003811,PROXIMATE_TO
63,100,175.9,0.005686,PROXIMATE_TO
64,65,188.7,0.005299,PROXIMATE_TO
64,67,121.3,0.008243,PROXIMATE_TO
64,68,260.4,0.003841,PROXIMATE_TO
64,69,288.8,0.003463,PROXIMATE_TO
64,70,247.1,0.004048,PROXIMATE_TO
64,91,264.4,0.003783,PROXIMATE_TO
64,92,272.8,0.003666,PROXIMATE_TO
64,94,257.3,0.003886,PROXIMATE_TO
64,95,220.9,0.004527,PROXIMATE_TO
64,97,267.0,0.003745,PROXIMATE_TO
64,100,207.1,0.004828,PROXIMATE_TO
65,66,216.0,0.004629,PROXIMATE_TO
65,67,111.1,0.008998,PROXIMATE_TO
65,68,222.4,0.004495,PROXIMATE_TO
65,69,138.2,0.007238,PROXIMATE_TO
65,70,166.1,0.006022,PROXIMATE_TO
65,150,297.7,0.003359,PROXIMATE_TO
66,69,172.8,0.005789,PROXIMATE_TO
66,70,284.9,0.00351,PROXIMATE_TO
66,135,293.5,0.003408,PROXIMATE_TO
66,146,279.4,0.003579,PROXIMATE_TO
66,150,289.2,0.003458,PROXIMATE_TO
67,68,288.5,0.003466,PROXIMATE_TO
67,69,245.9,0.004067,PROXIMATE_TO
67,70,128.2,0.007801,PROXIMATE_TO
67,95,276.2,0.003621,PROXIMATE_TO
67,100,220.5,0.004536,PROXIMATE_TO
68,69,159.1,0.006286,PROXIMATE_TO
68,94,203.7,0.00491,PROXIMATE_TO
68,141,123.7,0.008087,PROXIMATE_TO
68,142,129.4,0.007729,PROXIMATE_TO
68,143,222.7,0.004491,PROXIMATE_TO
68,145,258.6,0.003867,PROXIMATE_TO
68,146,217.6,0.004596,PROXIMATE_TO
68,147,165.4,0.006046,PROXIMATE_TO
68,148,180.3,0.005547,PROXIMATE_TO
68,150,160.4,0.006236,PROXIMATE_TO
69,70,293.0,0.003413,PROXIMATE_TO
69,135,279.9,0.003573,PROXIMATE_TO
69,141,215.7,0.004635,PROXIMATE_TO
69,142,238.7,0.00419,PROXIMATE_TO
69,143,270.6,0.003696,PROXIMATE_TO
69,145,293.8,0.003403,PROXIMATE_TO
69,146,191.6,0.005219,PROXIMATE_TO
69,147,205.1,0.004875,PROXIMATE_TO
69,148,245.2,0.004079,PROXIMATE_TO
69,150,166.3,0.006013,PROXIMATE_TO
70,81,283.7,0.003525,PROXIMATE_TO
70,88,260.2,0.003844,PROXIMATE_TO
70,100,267.0,0.003745,PROXIMATE_TO
71,72,120.5,0.008301,PROXIMATE_TO
71,73,293.6,0.003406,PROXIMATE_TO
71,77,278.9,0.003585,PROXIMATE_TO
71,78,244.0,0.004098,PROXIMATE_TO
71,79,240.2,0.004164,PROXIMATE_TO
71,80,89.6,0.011167,PROXIMATE_TO
71,107,216.5,0.004618,PROXIMATE_TO
71,109,218.6,0.004575,PROXIMATE_TO
71,110,192.7,0.005189,PROXIMATE_TO
71,123,270.2,0.003701,PROXIMATE_TO
71,126,264.6,0.003779,PROXIMATE_TO
71,128,267.1,0.003744,PROXIMATE_TO
71,129,257.6,0.003882,PROXIMATE_TO
72,73,206.5,0.004844,PROXIMATE_TO
72,78,253.1,0.003951,PROXIMATE_TO
72,79,215.5,0.004641,PROXIMATE_TO
72,80,126.3,0.00792,PROXIMATE_TO
72,110,283.2,0.003531,PROXIMATE_TO
72,122,263.7,0.003792,PROXIMATE_TO
72,123,151.9,0.006584,PROXIMATE_TO
72,124,203.5,0.004915,PROXIMATE_TO
72,126,147.3,0.00679,PROXIMATE_TO
72,128,169.9,0.005885,PROXIMATE_TO
72,129,145.9,0.006855,PROXIMATE_TO
72,130,297.6,0.00336,PROXIMATE_TO
73,74,277.2,0.003607,PROXIMATE_TO
73,78,212.3,0.004711,PROXIMATE_TO
73,79,142.2,0.00703,PROXIMATE_TO
73,80,229.0,0.004367,PROXIMATE_TO
73,123,207.2,0.004827,PROXIMATE_TO
73,126,124.6,0.008026,PROXIMATE_TO
73,128,291.8,0.003427,PROXIMATE_TO
73,129,239.6,0.004173,PROXIMATE_TO
74,75,95.6,0.010463,PROXIMATE_TO
74,76,271.5,0.003683,PROXIMATE_TO
74,77,175.4,0.0057,PROXIMATE_TO
74,78,126.6,0.007902,PROXIMATE_TO
74,79,162.8,0.006144,PROXIMATE_TO
74,80,282.4,0.003542,PROXIMATE_TO
74,110,272.0,0.003677,PROXIMATE_TO
75,76,233.7,0.004279,PROXIMATE_TO
75,77,224.0,0.004464,PROXIMATE_TO
75,78,218.3,0.00458,PROXIMATE_TO
75,79,258.3,0.003872,PROXIMATE_TO
76,77,210.5,0.004751,PROXIMATE_TO
76,105,207.3,0.004823,PROXIMATE_TO
76,110,298.7,0.003348,PROXIMATE_TO
76,111,181.4,0.005512,PROXIMATE_TO
76,113,212.4,0.004709,PROXIMATE_TO
76,114,283.2,0.003531,PROXIMATE_TO
76,116,141.3,0.007078,PROXIMATE_TO
76,117,266.2,0.003757,PROXIMATE_TO
76,119,171.4,0.005836,PROXIMATE_TO
76,120,112.5,0.008886,PROXIMATE_TO
77,78,136.6,0.00732,PROXIMATE_TO
77,79,205.7,0.004862,PROXIMATE_TO
77,80,214.7,0.004659,PROXIMATE_TO
77,105,142.9,0.006996,PROXIMATE_TO
77,109,237.4,0.004212,PROXIMATE_TO
77,110,113.8,0.008787,PROXIMATE_TO
77,111,285.9,0.003497,PROXIMATE_TO
77,116,200.4,0.004991,PROXIMATE_TO
77,120,204.7,0.004885,PROXIMATE_TO
78,79,70.1,0.014274,PROXIMATE_TO
78,80,155.9,0.006416,PROXIMATE_TO
78,105,273.7,0.003654,PROXIMATE_TO
78,110,183.0,0.005466,PROXIMATE_TO
78,126,294.0,0.003401,PROXIMATE_TO
79,80,152.2,0.00657,PROXIMATE_TO
79,110,234.1,0.004272,PROXIMATE_TO
79,123,299.6,0.003337,PROXIMATE_TO
79,126,229.7,0.004354,PROXIMATE_TO
80,105,295.9,0.00338,PROXIMATE_TO
80,107,275.8,0.003625,PROXIMATE_TO
80,109,240.1,0.004165,PROXIMATE_TO
80,110,160.4,0.006235,PROXIMATE_TO
80,123,269.9,0.003705,PROXIMATE_TO
80,126,237.0,0.004219,PROXIMATE_TO
80,128,296.0,0.003379,PROXIMATE_TO
80,129,270.4,0.003698,PROXIMATE_TO
81,82,203.2,0.004922,PROXIMATE_TO
81,83,102.3,0.009779,PROXIMATE_TO
81,84,199.0,0.005025,PROXIMATE_TO
81,85,146.1,0.006845,PROXIMATE_TO
81,86,266.0,0.00376,PROXIMATE_TO
81,87,274.7,0.00364,PROXIMATE_TO
81,88,23.5,0.042513,PROXIMATE_TO
81,89,64.7,0.015452,PROXIMATE_TO
81,90,270.8,0.003693,PROXIMATE_TO
81,100,248.4,0.004025,PROXIMATE_TO
82,83,126.6,0.007897,PROXIMATE_TO
82,84,242.4,0.004126,PROXIMATE_TO
82,85,94.9,0.010536,PROXIMATE_TO
82,87,248.2,0.004029,PROXIMATE_TO
82,88,224.7,0.00445,PROXIMATE_TO
82,89,150.6,0.006639,PROXIMATE_TO
83,84,246.0,0.004065,PROXIMATE_TO
83,85,123.2,0.008115,PROXIMATE_TO
83,87,295.1,0.003388,PROXIMATE_TO
83,88,117.2,0.008536,PROXIMATE_TO
83,89,37.6,0.026623,PROXIMATE_TO
83,92,278.7,0.003588,PROXIMATE_TO
83,95,282.3,0.003543,PROXIMATE_TO
83,100,224.7,0.004451,PROXIMATE_TO
84,85,150.2,0.006658,PROXIMATE_TO
84,86,79.1,0.012642,PROXIMATE_TO
84,87,94.1,0.01063,PROXIMATE_TO
84,88,215.1,0.00465,PROXIMATE_TO
84,89,223.8,0.004469,PROXIMATE_TO
84,90,164.2,0.006091,PROXIMATE_TO
85,86,228.6,0.004374,PROXIMATE_TO
85,87,176.2,0.005676,PROXIMATE_TO
85,88,169.6,0.005896,PROXIMATE_TO
85,89,121.7,0.008219,PROXIMATE_TO
85,90,298.1,0.003355,PROXIMATE_TO
86,87,113.6,0.0088,PROXIMATE_TO
86,88,278.6,0.00359,PROXIMATE_TO
86,89,298.8,0.003347,PROXIMATE_TO
86,90,123.6,0.008093,PROXIMATE_TO
87,88,294.2,0.003399,PROXIMATE_TO
87,89,282.7,0.003537,PROXIMATE_TO
87,90,234.0,0.004274,PROXIMATE_TO
88,89,80.6,0.01241,PROXIMATE_TO
88,90,273.3,0.003659,PROXIMATE_TO
88,100,237.4,0.004212,PROXIMATE_TO
89,92,298.7,0.003348,PROXIMATE_TO
89,95,296.2,0.003376,PROXIMATE_TO
89,100,229.3,0.004361,PROXIMATE_TO
91,92,168.0,0.005952,PROXIMATE_TO
91,93,258.8,0.003864,PROXIMATE_TO
91,95,166.8,0.005996,PROXIMATE_TO
91,96,151.2,0.006615,PROXIMATE_TO
91,97,124.1,0.008061,PROXIMATE_TO
91,100,251.2,0.003981,PROXIMATE_TO
92,95,53.0,0.018873,PROXIMATE_TO
92,97,44.7,0.02238,PROXIMATE_TO
92,100,127.6,0.007838,PROXIMATE_TO
93,96,139.2,0.007184,PROXIMATE_TO
93,98,190.1,0.005261,PROXIMATE_TO
93,99,229.7,0.004354,PROXIMATE_TO
94,96,273.2,0.003661,PROXIMATE_TO
94,141,275.0,0.003637,PROXIMATE_TO
94,142,258.5,0.003869,PROXIMATE_TO
95,97,68.3,0.014633,PROXIMATE_TO
95,100,90.4,0.011067,PROXIMATE_TO
96,97,275.2,0.003633,PROXIMATE_TO
96,98,227.2,0.004402,PROXIMATE_TO
96,99,286.0,0.003497,PROXIMATE_TO
97,100,157.3,0.006358,PROXIMATE_TO
98,99,61.4,0.016292,PROXIMATE_TO
101,106,146.8,0.006814,PROXIMATE_TO
101,108,182.6,0.005478,PROXIMATE_TO
102,103,29.9,0.033395,PROXIMATE_TO
102,104,239.0,0.004184,PROXIMATE_TO
102,105,285.1,0.003508,PROXIMATE_TO
102,106,179.0,0.005587,PROXIMATE_TO
102,108,135.6,0.007376,PROXIMATE_TO
102,109,297.0,0.003367,PROXIMATE_TO
102,111,246.6,0.004055,PROXIMATE_TO
102,112,196.1,0.0051,PROXIMATE_TO
102,114,265.5,0.003767,PROXIMATE_TO
102,115,95.6,0.010461,PROXIMATE_TO
102,116,280.7,0.003562,PROXIMATE_TO
102,117,155.6,0.006426,PROXIMATE_TO
103,104,210.9,0.004742,PROXIMATE_TO
103,105,262.7,0.003806,PROXIMATE_TO
103,106,203.1,0.004923,PROXIMATE_TO
103,108,162.0,0.006171,PROXIMATE_TO
103,109,267.2,0.003742,PROXIMATE_TO
103,111,242.0,0.004133,PROXIMATE_TO
103,112,208.9,0.004788,PROXIMATE_TO
103,114,276.5,0.003616,PROXIMATE_TO
103,115,111.0,0.009007,PROXIMATE_TO
103,116,267.2,0.003742,PROXIMATE_TO
103,117,152.0,0.006577,PROXIMATE_TO
103,120,293.9,0.003403,PROXIMATE_TO
104,105,259.2,0.003858,PROXIMATE_TO
104,107,109.4,0.009139,PROXIMATE_TO
104,109,125.5,0.007965,PROXIMATE_TO
104,110,257.5,0.003884,PROXIMATE_TO
104,117,299.3,0.003341,PROXIMATE_TO
105,107,286.1,0.003495,PROXIMATE_TO
105,109,172.4,0.005801,PROXIMATE_TO
105,110,136.4,0.00733,PROXIMATE_TO
105,111,176.2,0.005675,PROXIMATE_TO
105,112,290.8,0.003439,PROXIMATE_TO
105,115,274.3,0.003646,PROXIMATE_TO
105,116,101.6,0.009842,PROXIMATE_TO
105,117,188.3,0.005312,PROXIMATE_TO
105,119,234.9,0.004257,PROXIMATE_TO
105,120,125.9,0.007944,PROXIMATE_TO
106,108,48.8,0.020482,PROXIMATE_TO
106,115,224.1,0.004461,PROXIMATE_TO
107,109,114.1,0.008767,PROXIMATE_TO
107,110,227.8,0.004389,PROXIMATE_TO
108,112,255.8,0.00391,PROXIMATE_TO
108,115,175.3,0.005704,PROXIMATE_TO
108,117,267.3,0.003741,PROXIMATE_TO
109,110,132.7,0.007535,PROXIMATE_TO
109,116,267.4,0.00374,PROXIMATE_TO
109,117,290.3,0.003445,PROXIMATE_TO
109,120,295.3,0.003386,PROXIMATE_TO
110,116,233.3,0.004286,PROXIMATE_TO
110,120,251.5,0.003975,PROXIMATE_TO
111,112,137.6,0.007268,PROXIMATE_TO
111,113,151.3,0.00661,PROXIMATE_TO
111,114,138.3,0.007231,PROXIMATE_TO
111,115,178.4,0.005606,PROXIMATE_TO
111,116,85.6,0.011679,PROXIMATE_TO
111,117,91.0,0.010988,PROXIMATE_TO
111,118,257.5,0.003883,PROXIMATE_TO
111,119,69.9,0.014303,PROXIMATE_TO
111,120,87.8,0.011394,PROXIMATE_TO
112,113,175.9,0.005684,PROXIMATE_TO
112,114,70.3,0.014228,PROXIMATE_TO
112,115,100.6,0.009939,PROXIMATE_TO
112,116,219.0,0.004566,PROXIMATE_TO
112,117,109.3,0.009145,PROXIMATE_TO
112,118,219.1,0.004565,PROXIMATE_TO
112,119,146.6,0.00682,PROXIMATE_TO
112,120,225.3,0.004438,PROXIMATE_TO
113,114,112.3,0.008907,PROXIMATE_TO
113,115,268.9,0.003719,PROXIMATE_TO
113,116,214.9,0.004654,PROXIMATE_TO
113,117,218.8,0.004571,PROXIMATE_TO
113,118,120.5,0.008296,PROXIMATE_TO
113,119,82.7,0.012093,PROXIMATE_TO
113,120,196.3,0.005095,PROXIMATE_TO
114,115,170.4,0.005867,PROXIMATE_TO
114,116,223.6,0.004473,PROXIMATE_TO
114,117,154.6,0.006469,PROXIMATE_TO
114,118,151.7,0.006593,PROXIMATE_TO
114,119,111.9,0.008935,PROXIMATE_TO
114,120,220.0,0.004545,PROXIMATE_TO
115,116,236.2,0.004234,PROXIMATE_TO
115,117,96.3,0.010381,PROXIMATE_TO
115,119,219.3,0.004559,PROXIMATE_TO
115,120,254.4,0.003931,PROXIMATE_TO
116,117,139.8,0.007151,PROXIMATE_TO
116,119,134.8,0.007418,PROXIMATE_TO
116,120,31.1,0.032156,PROXIMATE_TO
117,119,149.2,0.006704,PROXIMATE_TO
117,120,158.8,0.006298,PROXIMATE_TO
118,119,196.3,0.005095,PROXIMATE_TO
119,120,120.6,0.00829,PROXIMATE_TO
121,122,181.7,0.005503,PROXIMATE_TO
121,124,240.5,0.004158,PROXIMATE_TO
121,125,59.2,0.01689,PROXIMATE_TO
121,127,127.0,0.007876,PROXIMATE_TO
121,128,260.9,0.003833,PROXIMATE_TO
121,130,131.1,0.007629,PROXIMATE_TO
122,123,151.0,0.006623,PROXIMATE_TO
122,124,62.3,0.016063,PROXIMATE_TO
122,125,126.0,0.007934,PROXIMATE_TO
122,126,232.5,0.004301,PROXIMATE_TO
122,127,55.2,0.018132,PROXIMATE_TO
122,128,94.5,0.010579,PROXIMATE_TO
122,129,127.5,0.007843,PROXIMATE_TO
122,130,57.9,0.017268,PROXIMATE_TO
123,124,93.1,0.010737,PROXIMATE_TO
123,125,277.0,0.003611,PROXIMATE_TO
123,126,82.7,0.012089,PROXIMATE_TO
123,127,206.1,0.004851,PROXIMATE_TO
123,128,91.7,0.010907,PROXIMATE_TO
123,129,39.6,0.025258,PROXIMATE_TO
123,130,203.4,0.004917,PROXIMATE_TO
124,125,187.0,0.005349,PROXIMATE_TO
124,126,175.9,0.005687,PROXIMATE_TO
124,127,116.2,0.008606,PROXIMATE_TO
124,128,40.5,0.024672,PROXIMATE_TO
124,129,65.5,0.015272,PROXIMATE_TO
124,130,110.5,0.009053,PROXIMATE_TO
125,127,70.9,0.014095,PROXIMATE_TO
125,128,211.7,0.004724,PROXIMATE_TO
125,129,252.4,0.003962,PROXIMATE_TO
125,130,82.7,0.012093,PROXIMATE_TO
126,127,287.5,0.003478,PROXIMATE_TO
126,128,170.5,0.005866,PROXIMATE_TO
126,129,117.3,0.008526,PROXIMATE_TO
126,130,285.9,0.003497,PROXIMATE_TO
127,128,143.3,0.00698,PROXIMATE_TO
127,129,181.7,0.005504,PROXIMATE_TO
127,130,29.3,0.034146,PROXIMATE_TO
128,129,53.3,0.018754,PROXIMATE_TO
128,130,130.2,0.007681,PROXIMATE_TO
129,130,174.5,0.005731,PROXIMATE_TO
131,132,122.8,0.008144,PROXIMATE_TO
131,133,50.5,0.019821,PROXIMATE_TO
131,134,90.8,0.011017,PROXIMATE_TO
131,135,111.9,0.008939,PROXIMATE_TO
131,136,85.8,0.011656,PROXIMATE_TO
131,137,77.9,0.012842,PROXIMATE_TO
131,138,156.0,0.006411,PROXIMATE_TO
131,139,67.4,0.014827,PROXIMATE_TO
131,140,114.5,0.008736,PROXIMATE_TO
131,141,294.7,0.003394,PROXIMATE_TO
131,143,200.5,0.004988,PROXIMATE_TO
131,144,105.5,0.009479,PROXIMATE_TO
131,145,166.3,0.006014,PROXIMATE_TO
131,146,185.7,0.005386,PROXIMATE_TO
131,147,234.1,0.004273,PROXIMATE_TO
131,148,240.9,0.004152,PROXIMATE_TO
131,149,162.9,0.00614,PROXIMATE_TO
131,150,236.9,0.004221,PROXIMATE_TO
132,133,75.7,0.01321,PROXIMATE_TO
132,134,211.1,0.004736,PROXIMATE_TO
132,135,162.7,0.006146,PROXIMATE_TO
132,136,203.3,0.004918,PROXIMATE_TO
132,137,91.6,0.010914,PROXIMATE_TO
132,138,104.4,0.009574,PROXIMATE_TO
132,139,98.0,0.010205,PROXIMATE_TO
132,140,87.2,0.011464,PROXIMATE_TO
132,144,227.7,0.004391,PROXIMATE_TO
132,145,287.9,0.003474,PROXIMATE_TO
132,146,281.2,0.003556,PROXIMATE_TO
132,149,284.7,0.003512,PROXIMATE_TO
133,134,141.2,0.007082,PROXIMATE_TO
133,135,133.4,0.007498,PROXIMATE_TO
133,136,127.6,0.007836,PROXIMATE_TO
133,137,44.0,0.022711,PROXIMATE_TO
133,138,112.6,0.008879,PROXIMATE_TO
133,139,68.3,0.014647,PROXIMATE_TO
133,140,98.7,0.010129,PROXIMATE_TO
133,143,250.9,0.003985,PROXIMATE_TO
133,144,152.9,0.006541,PROXIMATE_TO
133,145,216.5,0.004618,PROXIMATE_TO
133,146,229.5,0.004357,PROXIMATE_TO
133,147,283.2,0.003532,PROXIMATE_TO
133,148,291.2,0.003434,PROXIMATE_TO
133,149,209.5,0.004773,PROXIMATE_TO
133,150,283.3,0.00353,PROXIMATE_TO
134,135,124.3,0.008047,PROXIMATE_TO
134,136,65.9,0.015179,PROXIMATE_TO
134,137,162.6,0.006148,PROXIMATE_TO
134,138,241.5,0.00414,PROXIMATE_TO
134,139,130.1,0.007686,PROXIMATE_TO
134,140,177.7,0.005626,PROXIMATE_TO
134,141,205.2,0.004873,PROXIMATE_TO
134,142,221.8,0.004509,PROXIMATE_TO
134,143,109.8,0.009107,PROXIMATE_TO
134,144,45.7,0.02188,PROXIMATE_TO
134,145,76.9,0.012999,PROXIMATE_TO
134,146,119.0,0.008401,PROXIMATE_TO
134,147,147.3,0.006788,PROXIMATE_TO
134,148,150.3,0.006654,PROXIMATE_TO
134,149,91.5,0.010928,PROXIMATE_TO
134,150,158.7,0.006303,PROXIMATE_TO
135,136,170.4,0.005867,PROXIMATE_TO
135,137,176.3,0.005672,PROXIMATE_TO
135,138,243.1,0.004114,PROXIMATE_TO
135,139,68.5,0.014601,PROXIMATE_TO
135,140,86.1,0.011612,PROXIMATE_TO
135,141,270.8,0.003693,PROXIMATE_TO
135,142,295.3,0.003387,PROXIMATE_TO
135,143,205.8,0.004858,PROXIMATE_TO
135,144,167.0,0.005987,PROXIMATE_TO
135,145,186.5,0.005362,PROXIMATE_TO
135,146,128.3,0.007795,PROXIMATE_TO
135,147,205.4,0.004868,PROXIMATE_TO
135,148,232.1,0.004309,PROXIMATE_TO
135,149,215.4,0.004643,PROXIMATE_TO
135,150,186.9,0.00535,PROXIMATE_TO
136,137,130.4,0.007667,PROXIMATE_TO
136,138,204.1,0.0049,PROXIMATE_TO
136,139,149.2,0.006702,PROXIMATE_TO
136,140,198.2,0.005046,PROXIMATE_TO
136,141,250.8,0.003987,PROXIMATE_TO
136,142,262.2,0.003814,PROXIMATE_TO
136,143,148.1,0.006752,PROXIMATE_TO
136,144,35.9,0.027846,PROXIMATE_TO
136,145,110.4,0.00906,PROXIMATE_TO
136,146,184.5,0.00542,PROXIMATE_TO
136,147,200.9,0.004977,PROXIMATE_TO
136,148,192.3,0.005201,PROXIMATE_TO
136,149,84.5,0.011829,PROXIMATE_TO
136,150,219.7,0.004552,PROXIMATE_TO
137,138,79.0,0.012652,PROXIMATE_TO
137,139,112.3,0.008905,PROXIMATE_TO
137,140,139.8,0.007155,PROXIMATE_TO
137,143,269.4,0.003712,PROXIMATE_TO
137,144,162.2,0.006164,PROXIMATE_TO
137,145,232.9,0.004294,PROXIMATE_TO
137,146,263.5,0.003795,PROXIMATE_TO
137,149,215.0,0.004652,PROXIMATE_TO
138,139,174.9,0.005717,PROXIMATE_TO
138,140,185.1,0.005403,PROXIMATE_TO
138,144,237.9,0.004203,PROXIMATE_TO
138,149,287.5,0.003478,PROXIMATE_TO
139,140,49.4,0.020258,PROXIMATE_TO
139,143,233.9,0.004276,PROXIMATE_TO
139,144,160.6,0.006226,PROXIMATE_TO
139,145,205.5,0.004865,PROXIMATE_TO
139,146,183.4,0.005452,PROXIMATE_TO
139,147,250.6,0.003991,PROXIMATE_TO
139,148,268.3,0.003727,PROXIMATE_TO
139,149,216.9,0.004611,PROXIMATE_TO
139,150,241.1,0.004148,PROXIMATE_TO
140,143,277.9,0.003599,PROXIMATE_TO
140,144,209.9,0.004765,PROXIMATE_TO
140,145,251.7,0.003973,PROXIMATE_TO
140,146,213.7,0.00468,PROXIMATE_TO
140,147,287.6,0.003477,PROXIMATE_TO
140,149,265.8,0.003762,PROXIMATE_TO
140,150,272.3,0.003672,PROXIMATE_TO
141,142,28.3,0.035361,PROXIMATE_TO
141,143,103.2,0.009693,PROXIMATE_TO
141,144,214.9,0.004652,PROXIMATE_TO
141,145,140.7,0.007108,PROXIMATE_TO
141,146,146.2,0.006841,PROXIMATE_TO
141,147,65.4,0.015285,PROXIMATE_TO
141,148,59.0,0.016943,PROXIMATE_TO
141,149,186.1,0.005374,PROXIMATE_TO
141,150,94.3,0.010604,PROXIMATE_TO
142,143,114.6,0.008728,PROXIMATE_TO
142,144,226.4,0.004416,PROXIMATE_TO
142,145,152.1,0.006575,PROXIMATE_TO
142,146,172.7,0.005792,PROXIMATE_TO
142,147,90.2,0.011081,PROXIMATE_TO
142,148,71.6,0.013974,PROXIMATE_TO
142,149,191.3,0.005228,PROXIMATE_TO
142,150,122.3,0.008176,PROXIMATE_TO
143,144,112.2,0.008912,PROXIMATE_TO
143,145,37.7,0.026508,PROXIMATE_TO
143,146,113.7,0.008795,PROXIMATE_TO
143,147,66.8,0.014979,PROXIMATE_TO
143,148,44.2,0.022599,PROXIMATE_TO
143,149,86.7,0.011537,PROXIMATE_TO
143,150,105.1,0.009511,PROXIMATE_TO
144,145,74.5,0.013425,PROXIMATE_TO
144,146,157.0,0.006369,PROXIMATE_TO
144,147,166.0,0.006026,PROXIMATE_TO
144,148,156.4,0.006395,PROXIMATE_TO
144,149,57.4,0.01741,PROXIMATE_TO
144,150,187.2,0.005343,PROXIMATE_TO
145,146,118.8,0.008416,PROXIMATE_TO
145,147,97.1,0.010297,PROXIMATE_TO
145,148,81.9,0.012206,PROXIMATE_TO
145,149,57.1,0.017502,PROXIMATE_TO
145,150,127.9,0.00782,PROXIMATE_TO
146,147,83.1,0.012028,PROXIMATE_TO
146,148,120.3,0.008316,PROXIMATE_TO
146,149,172.6,0.005794,PROXIMATE_TO
146,150,58.7,0.017042,PROXIMATE_TO
147,148,44.4,0.022534,PROXIMATE_TO
147,149,152.1,0.006575,PROXIMATE_TO
147,150,44.6,0.02242,PROXIMATE_TO
148,149,128.0,0.007815,PROXIMATE_TO
148,150,89.0,0.01124,PROXIMATE_TO
149,150,184.9,0.005407,PROXIMATE_TO
